[
  {
    "id": "bffc2dd0-2dad-4509-bd5a-368563e6aa8a",
    "data": [
      {
        "text": "select modules",
        "userDefined": false
      }
    ],
    "isTemplate": false,
    "count": 0,
    "updated": 0
  },
  {
    "id": "16b683f8-0fa3-4c54-b669-9c1c55f3f7e0",
    "data": [
      {
        "text": "semester registration",
        "userDefined": false
      }
    ],
    "isTemplate": false,
    "count": 0,
    "updated": 0
  },
  {
    "id": "4114d4f4-a528-4ec7-9698-764211c78522",
    "data": [
      {
        "text": "esportal",
        "userDefined": false
      }
    ],
    "isTemplate": false,
    "count": 0,
    "updated": 0
  },
  {
    "id": "bce9e111-e10d-4668-887c-1185b32729a1",
    "data": [
      {
        "text": "esp",
        "userDefined": false
      }
    ],
    "isTemplate": false,
    "count": 0,
    "updated": 0
  },
  {
    "id": "23c65a47-74b4-473b-a9cc-fcd69f3881b2",
    "data": [
      {
        "text": "module registration",
        "userDefined": false
      }
    ],
    "isTemplate": false,
    "count": 0,
    "updated": 0
  },
  {
    "id": "79a3b94c-d841-4f78-8d53-fc1247f36277",
    "data": [
      {
        "text": "register for a module",
        "userDefined": false
      }
    ],
    "isTemplate": false,
    "count": 0,
    "updated": 0
  },
  {
    "id": "16f33f35-760d-4e1f-9c76-185258d59510",
    "data": [
      {
        "text": "how can I register for modules?",
        "userDefined": false
      }
    ],
    "isTemplate": false,
    "count": 0,
    "updated": 0
  },
  {
    "id": "8f7aa475-b2dd-4405-8435-e95145d3c338",
    "data": [
      {
        "text": "how can I register?",
        "userDefined": false
      }
    ],
    "isTemplate": false,
    "count": 0,
    "updated": 0
  },
  {
    "id": "4157250c-b73d-4697-af11-f657a025182d",
    "data": [
      {
        "text": "where can I register?",
        "userDefined": false
      }
    ],
    "isTemplate": false,
    "count": 0,
    "updated": 0
  },
  {
    "id": "4c75cddc-b7f9-4dcd-9efb-a79eed157c42",
    "data": [
      {
        "text": "where can I register for modules?",
        "userDefined": false
      }
    ],
    "isTemplate": false,
    "count": 0,
    "updated": 0
  },
  {
    "id": "69480f2e-72ed-40fe-82fe-0eb284215cd8",
    "data": [
      {
        "text": "i want to know where I can register for modules",
        "userDefined": false
      }
    ],
    "isTemplate": false,
    "count": 0,
    "updated": 0
  }
]